time,generation,best_lap,gen_best_lap,mean_lap,max_dist,laps_completed,popsize,gen_seconds,sigma
1780475496,0,98.440,99.900,,3609.4,4,48,51.7,0.0400
1780475553,1,89.980,90.020,117.760,3609.6,10,48,57.1,0.0400
1780475610,2,89.980,92.820,134.360,3609.5,26,48,57.3,0.0388
1780475668,3,89.980,95.460,130.140,3609.5,18,48,58.3,0.0376
1780475732,4,89.980,89.760,112.520,3609.5,13,48,63.5,0.0376
1780475795,5,89.260,89.860,98.500,3609.4,24,48,63.2,0.0365
1780475850,6,89.260,92.860,93.840,3609.5,32,48,55.1,0.0354
1780475911,7,88.830,88.760,91.580,3609.5,36,48,60.7,0.0343
1780475964,8,88.830,91.080,90.560,3609.5,23,48,52.9,0.0333
1780476016,9,88.830,89.700,90.300,3609.5,17,48,52.5,0.0323
1780476067,10,88.830,90.440,89.540,3609.5,13,48,51.1,0.0323
1780476121,11,88.830,89.260,90.220,3609.7,34,48,53.7,0.0313
1780476174,12,88.830,90.240,92.420,3609.5,21,48,52.6,0.0304
1780476228,13,88.830,91.100,93.640,3609.5,33,48,54.7,0.0295
1780476283,14,88.830,91.780,93.200,3609.6,29,48,54.2,0.0286
1780476337,15,88.830,90.060,91.880,3609.5,30,48,54.2,0.0278
1780476391,16,88.830,89.580,90.700,3609.5,33,48,54.7,0.0269
1780476448,17,88.520,88.540,88.160,3609.6,26,48,56.9,0.0261
1780476504,18,87.250,88.260,88.460,3609.6,32,48,56.0,0.0253
1780476563,19,86.140,86.300,87.320,3609.4,21,48,58.7,0.0246
1780476621,20,84.970,85.060,87.600,3609.5,25,48,58.1,0.0238
1780476673,21,84.970,86.660,87.820,3609.7,21,48,52.4,0.0231
1780476728,22,84.970,85.260,87.280,3609.6,36,48,54.1,0.0224
1780476787,23,84.970,84.840,86.920,3609.7,44,48,59.2,0.0218
1780476845,24,84.870,84.640,85.240,3609.6,28,48,58.2,0.0211
1780476903,25,83.870,83.820,84.880,3609.8,26,48,58.2,0.0205
1780476955,26,83.870,84.380,84.060,3609.6,21,48,52.1,0.0199
1780477013,27,83.680,83.540,84.660,3609.8,17,48,57.7,0.0193
1780477064,28,83.680,84.940,86.020,3609.5,16,48,51.1,0.0187
1780477121,29,83.680,83.540,88.440,3609.8,15,48,57.3,0.0181
1780477174,30,83.680,85.100,87.980,3609.6,19,48,52.7,0.0176
1780477228,31,83.680,85.280,87.060,3609.7,34,48,54.4,0.0170
1780477282,32,83.680,87.360,89.140,3609.6,29,48,53.7,0.0165
1780477335,33,83.680,84.440,86.020,3609.7,36,48,53.3,0.0160
1780477391,34,83.680,84.500,85.160,3609.7,48,48,55.3,0.0156
1780477445,35,83.680,84.340,85.340,3609.8,47,48,54.6,0.0151
1780477495,36,83.680,84.220,87.500,3609.7,32,48,50.0,0.0150
1780477547,37,83.680,85.120,87.020,3609.6,16,48,51.7,0.0150
1780477599,38,83.680,85.260,85.680,3609.6,17,48,51.7,0.0150
1780477650,39,83.680,85.780,86.380,3609.7,17,48,51.5,0.0150
1780477701,40,83.680,85.880,,3609.7,14,48,51.2,0.0150
1780477752,41,83.680,85.300,89.420,3609.3,11,48,50.6,0.0150
1780477803,42,83.680,85.760,87.380,3609.6,9,48,51.4,0.0150
1780477856,43,83.680,85.720,87.080,3609.4,19,48,52.2,0.0150
1780477907,44,83.680,87.560,87.080,3609.5,9,48,51.6,0.0150
1780477959,45,83.680,86.260,89.300,3609.4,10,48,51.5,0.0150
1780478011,46,83.680,87.080,89.380,3609.5,16,48,52.6,0.0150
1780478064,47,83.680,86.360,89.800,3609.6,24,48,52.6,0.0150
1780478316,49,83.620,82.900,85.320,3609.4,15,48,55.2,0.0150
1780478374,50,83.620,83.040,86.000,3609.6,18,48,58.2,0.0150
1780478434,51,83.620,83.560,85.560,3609.6,30,48,59.5,0.0150
1780478486,52,83.620,84.660,86.900,3609.7,31,48,52.5,0.0150
1780478547,53,83.620,83.200,86.460,3609.6,45,48,60.7,0.0150
1780478601,54,83.620,85.620,87.460,3609.6,33,48,53.8,0.0150
1780478660,55,83.530,83.380,87.680,3609.7,36,48,59.5,0.0150
1780478714,56,83.530,85.220,86.280,3609.7,37,48,53.4,0.0150
1780478767,57,83.530,83.840,85.580,3609.7,37,48,53.7,0.0150
1780478821,58,83.530,84.320,83.980,3609.6,38,48,53.8,0.0150
1780478874,59,83.530,83.560,,3609.7,34,48,52.8,0.0150
1780478927,60,83.530,83.800,,3609.7,19,48,52.8,0.0150
1780478979,61,83.530,83.980,84.280,3609.4,17,48,52.4,0.0150
1780479038,62,83.010,83.420,84.340,3609.6,20,48,58.8,0.0150
1780479091,63,83.010,83.280,84.300,3609.8,37,48,53.2,0.0150
1780479145,64,83.010,83.120,85.040,3609.7,40,48,53.4,0.0150
1780479203,65,83.010,82.680,84.120,3609.7,42,48,58.5,0.0150
1780479260,66,82.680,82.680,83.340,3609.7,39,48,57.1,0.0150
1780479317,67,82.250,82.300,82.900,3609.8,38,48,57.0,0.0150
1780479370,68,82.250,82.340,82.580,3609.7,33,48,52.7,0.0150
1780479429,69,82.000,82.040,82.680,3609.8,36,48,58.5,0.0150
1780479481,70,82.000,82.160,82.520,3609.7,33,48,52.6,0.0150
1780479534,71,82.000,82.820,84.620,3609.8,32,48,52.3,0.0150
1780479586,72,82.000,83.340,84.920,3609.6,31,48,52.1,0.0150
1780479640,73,82.000,82.320,83.160,3609.8,37,48,53.8,0.0150
1780479692,74,82.000,82.620,85.000,3609.7,30,48,52.6,0.0150
1780479744,75,82.000,82.920,85.200,3609.7,24,48,52.1,0.0150
1780479796,76,82.000,83.280,85.600,3609.6,24,48,51.5,0.0150
1780479848,77,82.000,82.940,83.540,3609.5,23,48,52.6,0.0150
1780479900,78,82.000,82.640,83.880,3609.7,17,48,51.8,0.0150
1780479951,79,82.000,83.580,84.500,3609.4,15,48,50.9,0.0150
1780480004,80,82.000,83.160,83.560,3609.7,34,48,53.0,0.0150
1780480059,81,82.000,82.860,83.960,3609.6,46,48,54.6,0.0150
1780480113,82,82.000,82.940,83.200,3609.6,43,48,54.3,0.0150
1780480167,83,82.000,82.360,82.980,3609.7,41,48,54.1,0.0150
1780480217,84,82.000,82.600,,3609.7,16,48,49.8,0.0150
1780480266,85,82.000,82.260,82.680,3609.7,19,48,49.7,0.0150
1780480320,86,82.000,82.040,82.320,3609.6,37,48,53.3,0.0150
1780480371,87,82.000,82.340,82.260,3609.5,16,48,50.9,0.0150
1780480421,88,82.000,82.540,86.820,3609.6,15,48,49.8,0.0150
1780480470,89,82.000,82.620,91.180,3609.6,8,48,49.0,0.0150
1780480520,90,82.000,82.140,85.760,3609.6,14,48,50.8,0.0150
1780480571,91,82.000,82.360,83.980,3609.5,11,48,51.0,0.0150
1780480622,92,82.000,82.600,,3609.3,16,48,50.8,0.0150
1780480673,93,82.000,83.200,87.160,3609.5,18,48,51.0,0.0150
1780480725,94,82.000,83.060,84.240,3609.7,26,48,52.1,0.0500
1780480773,95,82.000,83.700,92.540,3609.4,5,48,48.3,0.0500
1780480826,96,82.000,85.100,94.520,3609.6,17,48,52.6,0.0500
1780480880,97,82.000,89.180,99.200,3609.4,21,48,54.2,0.0500
1780480935,98,82.000,87.900,104.800,3609.4,17,48,54.6,0.0500
1780480990,99,82.000,95.060,104.800,3609.6,13,48,55.1,0.0500
1780481045,100,82.000,85.420,106.320,3609.5,17,48,55.3,0.0485
1780481351,101,82.000,82.200,83.760,3609.7,16,48,47.2,0.0388
1780481403,102,82.000,82.520,84.240,3609.7,32,48,51.7,0.0376
1780481456,103,82.000,83.340,84.040,3609.8,43,48,53.4,0.0365
1780481510,104,82.000,83.160,83.700,3609.7,43,48,53.8,0.0354
1780481563,105,82.000,82.640,83.380,3609.8,34,48,52.5,0.0343
1780481614,106,82.000,82.240,83.580,3609.7,28,48,51.0,0.0333
1780481672,107,81.600,81.520,83.940,3609.7,38,48,58.5,0.0323
1780481726,108,81.600,82.380,84.260,3609.6,44,48,53.7,0.0313
1780481780,109,81.600,83.340,83.820,3609.7,43,48,54.3,0.0304
1780481834,110,81.600,82.440,83.040,3609.7,42,48,54.1,0.0295
1780481890,111,81.600,81.840,82.420,3609.7,45,48,55.3,0.0286
1780481948,112,81.300,81.160,81.740,3609.7,39,48,58.7,0.0278
1780482006,113,80.970,80.960,80.940,3609.7,34,48,57.3,0.0269
1780482064,114,80.320,80.360,80.460,3609.7,40,48,58.1,0.0261
1780482122,115,80.200,80.160,80.600,3609.7,38,48,58.0,0.0253
1780482179,116,79.400,79.360,79.860,3609.8,33,48,57.3,0.0246
1780482237,117,79.400,79.320,79.740,3609.8,35,48,57.5,0.0238
1780482290,118,79.180,79.000,79.460,3609.8,42,48,53.6,0.0231
1780482347,119,78.490,78.480,79.780,3609.8,45,48,56.7,0.0224
1780482400,120,78.490,78.540,78.920,3609.9,42,48,52.9,0.0218
1780482458,121,78.200,78.440,78.200,3609.8,36,48,57.8,0.0211
1780482517,122,78.050,77.960,78.740,3609.9,40,48,59.0,0.0205
1780482575,123,77.840,77.840,79.520,3609.9,40,48,58.3,0.0199
1780482626,124,77.840,77.860,78.300,3609.9,32,48,51.3,0.0193
1780482679,125,77.840,78.060,78.360,3609.9,38,48,52.8,0.0187
1780482732,126,77.840,78.160,78.400,3609.9,36,48,52.9,0.0181
1780482791,127,77.800,77.780,78.220,3609.8,42,48,59.0,0.0176
1780482846,128,77.800,78.080,78.140,3609.9,48,48,54.6,0.0170
1780482900,129,77.800,77.840,78.420,3609.9,46,48,53.8,0.0165
1780482953,130,77.800,78.060,78.380,3609.9,43,48,53.1,0.0160
1780483011,131,77.790,77.760,78.180,3609.9,42,48,58.6,0.0156
1780483065,132,77.790,77.960,78.120,3609.8,45,48,53.4,0.0151
1780483118,133,77.790,77.800,78.120,3609.9,45,48,53.5,0.0150
1780483172,134,77.790,77.800,77.960,3609.8,44,48,53.7,0.0150
1780483232,135,77.670,77.600,77.680,3609.9,47,48,60.6,0.0150
1780483292,136,77.460,77.460,77.500,3609.9,46,48,59.1,0.0150
1780483349,137,77.060,77.080,77.340,3609.9,44,48,57.1,0.0150
1780483402,138,77.060,77.160,77.160,3609.9,42,48,53.0,0.0150
1780483461,139,77.060,77.040,77.260,3609.8,44,48,59.2,0.0150
1780483520,140,76.960,76.920,77.140,3609.9,43,48,59.4,0.0150
1780483575,141,76.960,77.040,77.040,3609.9,46,48,54.4,0.0150
1780483635,142,76.910,76.900,77.040,3609.9,45,48,60.4,0.0150
1780483694,143,76.800,76.840,76.780,3609.9,43,48,58.7,0.0150
1780483752,144,76.650,76.760,76.640,3609.7,43,48,58.1,0.0150
1780483811,145,76.490,76.460,76.760,3609.9,41,48,58.8,0.0150
1780483864,146,76.490,76.660,76.640,3609.8,39,48,53.3,0.0150
1780483923,147,76.490,76.520,76.480,3609.9,46,48,59.0,0.0150
1780483976,148,76.490,76.520,76.680,3609.9,41,48,53.2,0.0150
1780484030,149,76.490,76.520,76.520,3610.0,45,48,53.6,0.0150
1780484089,150,76.420,76.460,76.340,3609.9,46,48,59.2,0.0150
1780484148,151,76.010,76.020,76.180,3609.8,44,48,59.3,0.0150
1780484202,152,76.010,76.280,76.100,3609.9,47,48,54.0,0.0150
1780484261,153,75.890,76.000,75.920,3609.9,45,48,58.9,0.0150
1780484315,154,75.890,75.940,75.940,3609.9,46,48,53.9,0.0150
1780484370,155,75.820,75.740,75.820,3609.9,42,48,55.0,0.0150
1780484423,156,75.820,75.820,75.940,3610.0,42,48,53.3,0.0150
1780484482,157,75.670,75.720,75.780,3609.9,44,48,59.1,0.0150
1780484536,158,75.670,75.680,75.760,3609.9,46,48,54.1,0.0150
1780484596,159,75.510,75.520,75.560,3609.9,46,48,59.4,0.0150
1780484655,160,75.430,75.380,75.460,3609.9,46,48,59.3,0.0150
1780484708,161,75.430,75.500,75.680,3609.9,44,48,53.2,0.0150
1780484766,162,75.420,75.400,75.620,3609.9,42,48,58.4,0.0150
1780484820,163,75.420,75.560,75.580,3609.9,43,48,54.0,0.0150
1780484880,164,75.370,75.340,75.560,3609.9,40,48,59.1,0.0150
1780484939,165,75.330,75.340,75.420,3609.9,42,48,59.2,0.0150
1780484991,166,75.330,75.580,75.560,3609.9,41,48,52.5,0.0150
1780485044,167,75.330,75.400,75.840,3610.0,40,48,52.6,0.0150
1780485096,168,75.330,75.380,75.380,3609.8,37,48,52.3,0.0150
1780485147,169,75.330,75.360,77.280,3609.9,31,48,51.2,0.0150
1780485200,170,75.330,75.400,75.960,3609.9,40,48,52.4,0.0150
1780485252,171,75.330,75.480,75.800,3609.9,44,48,52.6,0.0150
1780485305,172,75.330,75.480,75.780,3609.8,38,48,52.3,0.0150
1780485361,173,75.330,75.300,75.740,3610.0,45,48,56.1,0.0150
1780485414,174,75.330,75.440,75.600,3609.9,44,48,53.0,0.0150
1780485466,175,75.330,75.400,75.580,3609.9,35,48,51.7,0.0150
1780485518,176,75.330,75.420,76.080,3609.9,39,48,52.0,0.0150
1780485572,177,75.330,75.420,76.100,3609.9,47,48,54.3,0.0150
1780485625,178,75.330,75.360,75.440,3609.9,43,48,53.0,0.0150
1780485677,179,75.330,75.380,75.640,3609.9,42,48,52.5,0.0150
1780485729,180,75.330,75.380,75.800,3609.9,37,48,52.0,0.0150
1780485782,181,75.330,75.420,75.720,3609.9,41,48,52.3,0.0150
